brand,model
Abarth,124 Spider
Abarth,595
Abarth,695
Abarth,500
Abarth,500C
Abarth,Grande Punto
Abarth,Punto Evo
AC,302 and 212
AC,Mamba
Aixam,400 & 500
Aixam,A751
Aixam,cCity
Aixam,Crossline
Aixam,Crossover
Aixam,Roadline
Alfa Romeo,4C
Alfa Romeo,Giulia
Alfa Romeo,Giulietta
Alfa Romeo,Stelvio
Alfa Romeo,145
Alfa Romeo,146
Alfa Romeo,147
Alfa Romeo,155
Alfa Romeo,156
Alfa Romeo,159
Alfa Romeo,164
Alfa Romeo,166
Alfa Romeo,33
Alfa Romeo,75
Alfa Romeo,90
Alfa Romeo,Alfasud & Sprint
Alfa Romeo,Arna
Alfa Romeo,Brera
Alfa Romeo,GT
Alfa Romeo,GTV
Alfa Romeo,Mito
Alfa Romeo,Spider
Alfa Romeo,SZ
Alpine,A110
Asia,Rocsta
Aston Martin,DB11
Aston Martin,DBS Superleggera
Aston Martin,DBX
Aston Martin,Rapide
Aston Martin,Vanquish
Aston Martin,Vantage
Aston Martin,Cygnet
Aston Martin,DB7
Aston Martin,DB9
Aston Martin,DBS
Aston Martin,V8
Aston Martin,Virage
Audi,A1
Audi,A3
Audi,A4
Audi,A5
Audi,A6
Audi,A7
Audi,A8
Audi,E-Tron
Audi,Q2
Audi,Q3
Audi,Q5
Audi,Q7
Audi,Q8
Audi,R8
Audi,TT
Audi,100
Audi,200
Audi,80
Audi,90
Audi,A2
Audi,Cabriolet
Audi,Coupe
Audi,V8
Austin,Maestro
Austin,Metro
Austin,Mini
Austin,Montego
Bentley,Bentayga
Bentley,Continental GT
Bentley,Flying Spur
Bentley,Mulsanne
Bentley,Arnage
Bentley,Azure/Continental
Bentley,Brooklands
Bentley,Continental Flying Spur
Bentley,Corniche
Bentley,Eight
Bentley,Turbo R
BMW,1-Series
BMW,2-Series
BMW,3-Series
BMW,4-Series
BMW,5-Series
BMW,6-Series
BMW,7-Series
BMW,8-Series
BMW,Alpina
BMW,i3
BMW,i8
BMW,X1
BMW,X2
BMW,X3
BMW,X4
BMW,X5
BMW,X6
BMW,X7
BMW,Z4
BMW,Z1
BMW,Z3
BMW,Z8
BMW Alpina,B3
BMW Alpina,B4
BMW Alpina,B5
BMW Alpina,B6
BMW Alpina,B7
BMW Alpina,D3
BMW Alpina,D4
BMW Alpina,D5
BMW Alpina,XD3
Bristol,Blenheim
Bristol,Fighter
Cadillac,BLS
Cadillac,CTS
Cadillac,Escalade
Cadillac,Seville
Cadillac,SRX
Cadillac,STS
Cadillac,XLR
Caterham,Super Seven
Chevrolet,Aveo
Chevrolet,Blazer
Chevrolet,Camaro
Chevrolet,Captiva
Chevrolet,Corvette
Chevrolet,Cruze
Chevrolet,Epica
Chevrolet,Kalos
Chevrolet,Lacetti
Chevrolet,Matiz
Chevrolet,Orlando
Chevrolet,Spark
Chevrolet,Tacuma
Chevrolet,Trax
Chevrolet,Volt
Chrysler,300C
Chrysler,Crossfire
Chrysler,Delta
Chrysler,Dodge Viper
Chrysler,Grand Voyager
Chrysler,Neon
Chrysler,PT Cruiser
Chrysler,Sebring
Chrysler,Voyager
Chrysler,Ypsilon
Citroën,Berlingo
Citroën,C1
Citroën,C3
Citroën,C3 Aircross
Citroën,C4 Cactus
Citroën,C4 SpaceTourer
Citroën,C5
Citroën,C-Zero
Citroën,Grand C4 SpaceTourer
Citroën,SpaceTourer
Citroën,2CV6
Citroën,AX
Citroën,Berlingo Multispace
Citroën,BX
Citroën,C2
Citroën,C3 Picasso
Citroën,C3 Pluriel
Citroën,C3 XTR
Citroën,C4
Citroën,C4 Picasso
Citroën,C6
Citroën,C8
Citroën,C-Crosser
Citroën,CX
Citroën,Dispatch Combi
Citroën,DS3
Citroën,DS4
Citroën,DS5
Citroën,Grand C4 Picasso
Citroën,Nemo Multispace
Citroën,Saxo
Citroën,Synergie
Citroën,Visa
Citroën,Xantia
Citroën,XM
Citroën,Xsara
Citroën,Xsara Picasso
Citroën,ZX
Coleman Milne,Dorchester
Coleman Milne,Grosvenor
Coleman Milne,Hearse
Coleman Milne,Limousine
Coleman Milne,Minster
Coleman Milne,Windsor
Corvette,C6
Corvette,Stingray
Cupra,Ateca
Dacia,Duster
Dacia,Logan
Dacia,Sandero
Daewoo,Espero
Daewoo,Kalos
Daewoo,Korando
Daewoo,Lacetti
Daewoo,Lanos
Daewoo,Leganza
Daewoo,Matiz
Daewoo,Musso
Daewoo,Nexia
Daewoo,Nubira
Daewoo,Tacuma
Daihatsu,Applause
Daihatsu,Charade
Daihatsu,Charmant
Daihatsu,Copen
Daihatsu,Cuore
Daihatsu,Domino
Daihatsu,Fourtrak
Daihatsu,Grand Move
Daihatsu,Materia
Daihatsu,Mira
Daihatsu,Move
Daihatsu,Sirion
Daihatsu,Sportrak
Daihatsu,Terios
Daihatsu,YRV
Daimler,Saloon
Daimler,Super Eight
De Tomaso,Guara
Dodge,Avenger
Dodge,Caliber
Dodge,Journey
Dodge,Nitro
Dodge,Ram
Dodge,SRT-10
DS,3
DS,3 Crossback
DS,3 Crossback E-Tense
DS,7 Crossback
DS,4
DS,5
Eagle,Hearse
Eagle,Limousine
Farbio,GTS
FBS,Census
Ferrari,488
Ferrari,812 Superfast
Ferrari,GTC4Lusso
Ferrari,Portofino
Ferrari,308
Ferrari,328
Ferrari,348
Ferrari,360
Ferrari,400i
Ferrari,412
Ferrari,456
Ferrari,458
Ferrari,512
Ferrari,550
Ferrari,575
Ferrari,599 GTB
Ferrari,612
Ferrari,California
Ferrari,California T
Ferrari,Enzo
Ferrari,F12berlinetta
Ferrari,F355
Ferrari,F40
Ferrari,F430
Ferrari,F50
Ferrari,F512
Ferrari,FF
Ferrari,Mondial
Ferrari,Testarossa
Fiat,124 Spider
Fiat,500
Fiat,500L
Fiat,500X
Fiat,Doblo
Fiat,Fiorino
Fiat,Panda
Fiat,Qubo
Fiat,Tipo
Fiat,126
Fiat,500L MPW
Fiat,Barchetta
Fiat,Brava
Fiat,Bravo
Fiat,Cinquecento
Fiat,Coupe
Fiat,Croma
Fiat,Grande Punto
Fiat,Idea
Fiat,Marea
Fiat,Multipla
Fiat,Punto
Fiat,Punto Evo
Fiat,Regata
Fiat,Scudo
Fiat,Sedici
Fiat,Seicento
Fiat,Stilo
Fiat,Strada
Fiat,Tempra
Fiat,Ulysse
Fiat,Uno
Fiat,X1/9
Ford,C-MAX
Ford,EcoSport
Ford,Edge
Ford,Fiesta
Ford,Focus
Ford,Galaxy
Ford,Grand C-MAX
Ford,Grand Tourneo Connect
Ford,Ka
Ford,Kuga
Ford,Mondeo
Ford,Mustang
Ford,Puma
Ford,S-MAX
Ford,Tourneo Connect
Ford,B-MAX
Ford,Capri
Ford,Cougar
Ford,Escort
Ford,Explorer
Ford,Focus C-MAX
Ford,Fusion
Ford,Granada
Ford,Maverick
Ford,Orion
Ford,Probe
Ford,Scorpio
Ford,Sierra
Ford,Sierra Sapphire
Ford,StreetKa
FSO,1300
FSO,1500 &125P
FSO,Caro
FSO,Polonez
Honda,Civic
Honda,CR-V
Honda,e
Honda,HR-V
Honda,Jazz
Honda,NSX
Honda,Accord
Honda,Ballade
Honda,Concerto
Honda,CRX
Honda,CR-Z
Honda,FR-V
Honda,Insight
Honda,Integra
Honda,Integra Type-R
Honda,Legend
Honda,Logo
Honda,Prelude
Honda,S2000
Honda,Shuttle
Honda,Stream
Hummer,H2
Hummer,H3
Hyundai,i10
Hyundai,i20
Hyundai,i30
Hyundai,i40
Hyundai,i800
Hyundai,Ioniq
Hyundai,Ioniq Electric
Hyundai,ix20
Hyundai,Kona
Hyundai,Kona Electric
Hyundai,Santa Fe
Hyundai,Tucson
Hyundai,Accent
Hyundai,Amica
Hyundai,Atoz
Hyundai,Coupe
Hyundai,Elantra
Hyundai,Genesis
Hyundai,Getz
Hyundai,Grandeur
Hyundai,ix35
Hyundai,Lantra
Hyundai,Matrix
Hyundai,Pony
Hyundai,Pony X2
Hyundai,S-Coupe
Hyundai,Sonata
Hyundai,Stellar
Hyundai,Terracan
Hyundai,Trajet
Hyundai,Veloster
Hyundai,XG30
Infiniti,Q30
Infiniti,Q50
Infiniti,QX30
Infiniti,EX
Infiniti,FX
Infiniti,G
Infiniti,M
Infiniti,Q60
Invicta,S1
Isuzu,Piazza
Isuzu,Trooper
Jaguar,E-Pace
Jaguar,F-Pace
Jaguar,F-Type
Jaguar,I-Pace
Jaguar,XE
Jaguar,XF
Jaguar,XJ
Jaguar,S-Type
Jaguar,XJS
Jaguar,XJSC
Jaguar,XK
Jaguar,XK8
Jaguar,X-Type
Jeep,Cherokee
Jeep,Compass
Jeep,Grand Cherokee
Jeep,Renegade
Jeep,Wrangler
Jeep,Commander
Jeep,Patriot
Jensen,SV8
Kia,Carens
Kia,Ceed
Kia,e-Niro
Kia,Niro
Kia,Optima
Kia,Picanto
Kia,ProCeed
Kia,Rio
Kia,Sorento
Kia,Soul
Kia,Soul EV
Kia,Sportage
Kia,Stinger
Kia,Stonic
Kia,Venga
Kia,Xceed
Kia,Cerato
Kia,Clarus
Kia,Magentis
Kia,Mentor
Kia,Pride
Kia,Sedona
Kia,Shuma
Kia,Shuma II
KTM,X-Bow
Lada,Niva
Lada,Riva
Lada,Samara (South Korea)ssag
Lamborghini,Aventador
Lamborghini,Huracan
Lamborghini,Urus
Lamborghini,Diablo
Lamborghini,Gallardo
Lamborghini,Murcielago
Lancia,Beta
Lancia,Dedra
Lancia,Delta
Lancia,Monte Carlo
Lancia,Prisma
Lancia,Thema
Lancia,Y10
Land Rover,Defender
Land Rover,Discovery
Land Rover,Discovery Sport
Land Rover,Range Rover
Land Rover,Range Rover Evoque
Land Rover,Range Rover Sport
Land Rover,Range Rover Velar
Land Rover,Freelander
Lexus,CT
Lexus,ES
Lexus,IS
Lexus,LC
Lexus,LS
Lexus,NX
Lexus,RC
Lexus,RX
Lexus,UX
Lexus,GS
Lexus,SC
Ligier,Ambra
Ligier,Nova
Lotus,Elise
Lotus,Evora
Lotus,Exige
Lotus,2-Eleven
Lotus,Elan
Lotus,Elise 340R
Lotus,Esprit
Lotus,Europa
Lotus,Excel
LTI,TX4
LTI,TXII
Marcos,LM
Marcos,Manta Ray
Marcos,Mantara
Marcos,Mantis
Marcos,TSO
Marlin,5EXI
Marlin,Hunter
Marlin,Makaira
Marlin,Sportster Toi
Maserati,Ghibli
Maserati,Gran Cabriolet
Maserati,GranTurismo
Maserati,Levante
Maserati,Quattroporte
Maserati,222
Maserati,3200 GT
Maserati,430
Maserati,Coupe
Maserati,Gransport
Maserati,Shamal
Maserati,Spyder
Maybach,57
Maybach,62
Mazda,2
Mazda,3
Mazda,6
Mazda,CX-3
Mazda,CX-30
Mazda,CX-5
Mazda,MX-5
Mazda,121
Mazda,323
Mazda,5
Mazda,626
Mazda,929
Mazda,CX-7
Mazda,Demio
Mazda,MPV
Mazda,MX-3
Mazda,MX-6
Mazda,Premacy
Mazda,RX-7
Mazda,RX-8
Mazda,Tribute
Mazda,Xedos 6
Mazda,Xedos 9
McLaren,540C
McLaren,570GT
McLaren,570S
McLaren,600LT
McLaren,720S
McLaren,GT
McLaren,Senna
McLaren,650S
McLaren,650S Spider
McLaren,P1
Mercedes-AMG,A 45
Mercedes-AMG,GT
Mercedes-Benz,A-Class
Mercedes-Benz,AMG GT
Mercedes-Benz,B-Class
Mercedes-Benz,C-Class
Mercedes-Benz,CLA
Mercedes-Benz,CLA-Class
Mercedes-Benz,CLS
Mercedes-Benz,E-Class
Mercedes-Benz,EQC
Mercedes-Benz,G-Class
Mercedes-Benz,GLA-Class
Mercedes-Benz,GLB
Mercedes-Benz,GLC-Class
Mercedes-Benz,GLE
Mercedes-Benz,GLE-Class
Mercedes-Benz,GLS
Mercedes-Benz,GLS-Class
Mercedes-Benz,S-Class
Mercedes-Benz,SLC-Class
Mercedes-Benz,SL-Class
Mercedes-Benz,V-Class
Mercedes-Benz,190 Series
Mercedes-Benz,200-300 W123 Series
Mercedes-Benz,CE-Class
Mercedes-Benz,CL
Mercedes-Benz,CLC
Mercedes-Benz,CLK
Mercedes-Benz,GL-Class
Mercedes-Benz,G-Wagen
Mercedes-Benz,M-Class
Mercedes-Benz,R-Class
Mercedes-Benz,SEC
Mercedes-Benz,SLK
Mercedes-Benz,SLS-Class
Mercedes-Benz,Vaneo
Mercedes-Benz,Viano
MG,GS
MG,HS
MG,ZS
MG,ZS EV
MG,F
MG,RV8
MG,SV
MG,TF
MG,ZR
MG,ZT
MG Motor UK,Motor UK MG3
MG Motor UK,Magnette
MG Motor UK,MG6
MG Motor UK,TF
MIA,C
MIA,L
Microcar,M-Go
Microcar,M8
Microcar,MC1/MC2
Microcar,Practic
Microcar,Virgo
MINI,Clubman
MINI,Convertible
MINI,Countryman
MINI,Electric Hatch
MINI,Hatchback
MINI,Cooper S
MINI,Coupe
MINI,John Cooper Works
MINI,Paceman
MINI,Roadster
Mitsubishi,ASX
Mitsubishi,Eclipse Cross
Mitsubishi,Mirage
Mitsubishi,Outlander
Mitsubishi,Shogun Sport
Mitsubishi,3000 GT
Mitsubishi,Carisma
Mitsubishi,Colt
Mitsubishi,Cordia
Mitsubishi,FTO
Mitsubishi,Galant
Mitsubishi,Grandis
Mitsubishi,i
Mitsubishi,i-MiEV
Mitsubishi,Lancer
Mitsubishi,Lancer Evo
Mitsubishi,Sapporo
Mitsubishi,Shogun
Mitsubishi,Shogun Pinin
Mitsubishi,Sigma
Mitsubishi,Space Runner
Mitsubishi,Space Star
Mitsubishi,Space Wagon
Mitsubishi,Starion
Mitsubishi,Tredia
Morgan,3 Wheeler
Morgan,Aero Coupe
Morgan,Aero Supersports Tourer
Morgan,Four-Four & Plus Four
Morgan,Plus Eight
Morgan,Roadster
Morgan,Aero 8
Nissan,370Z
Nissan,GT-R
Nissan,Juke
Nissan,Leaf
Nissan,Micra
Nissan,NV200 Combi
Nissan,Qashqai
Nissan,X-Trail
Nissan,100 NX
Nissan,200 SX
Nissan,280C & 300C
Nissan,300 ZX
Nissan,350Z
Nissan,Almera
Nissan,Almera Tino
Nissan,Bluebird
Nissan,Cherry
Nissan,Cube
Nissan,Laurel
Nissan,Maxima
Nissan,Maxima QX
Nissan,Murano
Nissan,Note
Nissan,Pathfinder
Nissan,Patrol
Nissan,Pixo
Nissan,Prairie
Nissan,Primera
Nissan,Pulsar
Nissan,Qashqai+2
Nissan,QX
Nissan,Serena
Nissan,Silvia
Nissan,Skyline R33
Nissan,Skyline R34
Nissan,Stanza
Nissan,Sunny
Nissan,Terrano
Noble,M12
Opel,Manta
Opel,Monza
Perodua,Kelisa
Perodua,Kenari
Perodua,Myvi
Perodua,Nippa
Peugeot,108
Peugeot,2008
Peugeot,208
Peugeot,3008
Peugeot,308
Peugeot,5008
Peugeot,508
Peugeot,e-2008
Peugeot,e-208
Peugeot,Rifter
Peugeot,Traveller
Peugeot,1007
Peugeot,106
Peugeot,107
Peugeot,205
Peugeot,206
Peugeot,207
Peugeot,305
Peugeot,306
Peugeot,307
Peugeot,309
Peugeot,4007
Peugeot,405
Peugeot,406
Peugeot,407
Peugeot,505
Peugeot,605
Peugeot,607
Peugeot,806
Peugeot,807
Peugeot,Bipper Tepee
Peugeot,Expert Tepee
Peugeot,Ion
Peugeot,Partner Combi
Peugeot,Partner Tepee
Peugeot,RCZ
PGO,Cevennes
PGO,Speedster II
Polestar,2
Porsche,718 Boxster
Porsche,718 Cayman
Porsche,911
Porsche,Cayenne
Porsche,Macan
Porsche,Panamera
Porsche,Taycan
Porsche,924
Porsche,928
Porsche,944
Porsche,968
Porsche,Boxster
Porsche,Cayman
PRINDIVILLE,Hummer
Proton,Compact
Proton,Coupe
Proton,Exora
Proton,GEN-2
Proton,Impian
Proton,Mpi
Proton,Persona
Proton,Preve
Proton,Satria
Proton,Satria Neo
Proton,Savvy
Proton,Wira
Reliant,Robin & Rialto
Reliant,Scimitar
Reliant,SSI
Renault,Captur
Renault,Clio
Renault,Grand Scenic
Renault,Kadjar
Renault,Koleos
Renault,Megane
Renault,Scenic
Renault,Twingo
Renault,Twizy
Renault,Zoe
Renault,11
Renault,18
Renault,19
Renault,21
Renault,25
Renault,4
Renault,5
Renault,9
Renault,Avantime
Renault,Espace
Renault,Fluence
Renault,Grand Espace
Renault,Grand Modus
Renault,GTA & A610
Renault,Kangoo
Renault,Laguna
Renault,Megane Scenic
Renault,Modus
Renault,Safrane
Renault,Sport Spider
Renault,Vel Satis
Renault,Wind
Rolls-Royce,Cullinan
Rolls-Royce,Dawn
Rolls-Royce,Ghost
Rolls-Royce,Phantom
Rolls-Royce,Wraith
Rolls-Royce,Camargue
Rolls-Royce,Corniche
Rolls-Royce,Limousine
Rolls-Royce,Silver Dawn
Rolls-Royce,Silver Seraph
Rolls-Royce,Silver Shadow
Rolls-Royce,Silver Spirit
Rolls-Royce,Silver Spur
Rolls-Royce,Silver Wraith
Rover,100
Rover,200
Rover,25
Rover,400
Rover,45
Rover,600
Rover,75
Rover,800
Rover,CityRover
Rover,Metro
Rover,Mini
Rover,Sd1
Rover,Streetwise
Saab,900
Saab,9000
Saab,3-Sep
Saab,5-Sep
San,Storm
SAO,Penza
SEAT,Alhambra
SEAT,Arona
SEAT,Ateca
SEAT,Ibiza
SEAT,Leon
SEAT,Mii
SEAT,Mii Electric
SEAT,Tarraco
SEAT,Toledo
SEAT,Altea
SEAT,Arosa
SEAT,Cordoba
SEAT,Exeo
SEAT,Malaga
SEAT,Marbella
SEAT,Terra Vista
Skoda,Citigo
Skoda,Citigo-e
Skoda,Fabia
Skoda,Kamiq
Skoda,Karoq
Skoda,Kodiaq
Skoda,Octavia
Skoda,Rapid
Skoda,Scala
Skoda,Superb
Skoda,Estelle
Skoda,Favorit
Skoda,Felicia
Skoda,Roomster
Skoda,Yeti
Smart,EQ Forfour
Smart,EQ Fortwo
Smart,Forfour
Smart,Fortwo
Smart,City
Smart,Crossblade
Smart,Roadster
SsangYong,Korando
SsangYong,Rexton
SsangYong,Tivoli
SsangYong,Tivoli XLV
SsangYong,Turismo
SsangYong,Kyron
SsangYong,Musso
SsangYong,Rexton W
SsangYong,Rodius
SsangYong,Sports Pick-up
Subaru,BRZ
Subaru,Forester
Subaru,Impreza
Subaru,Levorg
Subaru,Outback
Subaru,XV
Subaru,1600 & 1800
Subaru,B9 Tribeca
Subaru,Justy
Subaru,L Series
Subaru,Legacy
Subaru,SVX
Subaru,Vivio
Subaru,WRX
Subaru,XT Turbo
Suzuki,Suzuki Baleno
Suzuki,Suzuki Celerio
Suzuki,Suzuki Ignis
Suzuki,Suzuki Jimny
Suzuki,Suzuki Swift
Suzuki,Suzuki SX4 S-Cross
Suzuki,Suzuki Vitara
Suzuki,Alto
Suzuki,Baleno
Suzuki,Cappuccino
Suzuki,Grand Vitara
Suzuki,Ignis
Suzuki,Jimny
Suzuki,Kizashi
Suzuki,Liana
Suzuki,SJ
Suzuki,Splash
Suzuki,Swift
Suzuki,SX4
Suzuki,Vitara
Suzuki,Wagon-R+
Suzuki,X-90
Talbot,Samba
TD Cars,TD 2000
Tesla,Model 3
Tesla,Model S
Tesla,Model X
Tesla,Roadster
Toyota,Auris
Toyota,Aygo
Toyota,Camry
Toyota,C-HR
Toyota,Corolla
Toyota,GR Supra
Toyota,GT86
Toyota,Land Cruiser
Toyota,Prius
Toyota,Proace City Verso
Toyota,RAV4
Toyota,Yaris
Toyota,4-Runner
Toyota,Avensis
Toyota,Avensis Verso
Toyota,Carina
Toyota,Carina E
Toyota,Celica
Toyota,IQ
Toyota,Land Cruiser Amazon
Toyota,Land Cruiser Colorado
Toyota,Land Cruiser V8
Toyota,MR2
Toyota,Paseo
Toyota,Picnic
Toyota,Previa
Toyota,Space Cruiser
Toyota,Starlet
Toyota,Supra
Toyota,Tercel
Toyota,Urban Cruiser
Toyota,Verso
TVR,Cerbera
TVR,Chimaera
TVR,Griffith
TVR,S
TVR,Sagaris
TVR,T350
TVR,T400
TVR,T440
TVR,Tamora
TVR,Tuscan
TVR,Typhon
TVR,V8
Vauxhall,Adam
Vauxhall,Astra
Vauxhall,Combo
Vauxhall,Corsa
Vauxhall,Corsa-e
Vauxhall,Crossland X
Vauxhall,Grandland X
Vauxhall,Insignia
Vauxhall,Mokka
Vauxhall,Viva
Vauxhall,Agila
Vauxhall,Ampera
Vauxhall,Antara
Vauxhall,Astra Belmont
Vauxhall,Calibra
Vauxhall,Carlton
Vauxhall,Cascada
Vauxhall,Cavalier
Vauxhall,Combo Tour
Vauxhall,Frontera
Vauxhall,Meriva
Vauxhall,Monaro
Vauxhall,Monterey
Vauxhall,Nova
Vauxhall,Omega
Vauxhall,Senator
Vauxhall,Signum
Vauxhall,Sintra
Vauxhall,Tigra
Vauxhall,Vectra
Vauxhall,Vivaro
Vauxhall,VX220
Vauxhall,VXR8
Vauxhall,Zafira
Volkswagen,Arteon
Volkswagen,Caddy Life
Volkswagen,Caddy Maxi Life
Volkswagen,California
Volkswagen,Caravelle
Volkswagen,e-Golf
Volkswagen,e-Up
Volkswagen,Golf
Volkswagen,Passat
Volkswagen,Polo
Volkswagen,Sharan
Volkswagen,T-Cross
Volkswagen,Tiguan
Volkswagen,Touareg
Volkswagen,Touran
Volkswagen,T-Roc
Volkswagen,Up
Volkswagen,Beetle
Volkswagen,Beetle Dune
Volkswagen,Bora
Volkswagen,Caddy Maxi Camper
Volkswagen,CC
Volkswagen,Corrado
Volkswagen,Eos
Volkswagen,Fox
Volkswagen,Jetta
Volkswagen,Lupo
Volkswagen,Phaeton
Volkswagen,Scirocco
Volkswagen,Vento
Volvo,S60
Volvo,S90
Volvo,V40
Volvo,V60
Volvo,V90
Volvo,XC40
Volvo,XC60
Volvo,XC90
Volvo,240
Volvo,260 Series
Volvo,340
Volvo,360
Volvo,440
Volvo,460
Volvo,480
Volvo,740
Volvo,760
Volvo,850
Volvo,940
Volvo,960
Volvo,C30
Volvo,C70
Volvo,S40
Volvo,S70
Volvo,S80
Volvo,V50
Volvo,V70
Volvo,XC70
Westfield,Sei
Yugo,311
Yugo,511 & 513
Yugo,45
Yugo,55
Yugo,65 & Tempo
Yugo,Sana
